nombre_evento,url_evento,codigo_postal,direccion,horario,organizacion,fecha_inicio,fecha_fin
60 Premio Reina Sofía de Pintura y Escultura,http://www.madrid.es/sites/v/index.jsp?vgnextchannel=ca9671ee4a9eb410VgnVCM100000171f5a0aRCRD&vgnextoid=34c5130393e15910VgnVCM2000001f4a900aRCRD,28009,PASEO COLOMBIA 1,,Centro Cultural Casa de Vacas (Retiro),2025-02-27,2025-03-23
A toda vela,http://www.madrid.es/sites/v/index.jsp?vgnextchannel=ca9671ee4a9eb410VgnVCM100000171f5a0aRCRD&vgnextoid=59d5e7da8b822910VgnVCM1000001d4a900aRCRD,28045,PLAZA LEGAZPI 8,,Matadero Madrid,2024-10-01,2025-06-01
Acompañamiento digital a personas mayores,http://www.madrid.es/sites/v/index.jsp?vgnextchannel=ca9671ee4a9eb410VgnVCM100000171f5a0aRCRD&vgnextoid=5b58d89ad2232910VgnVCM2000001f4a900aRCRD,0,,,,2024-10-14,2025-06-30
Acompañar en la pérdida,http://www.madrid.es/sites/v/index.jsp?vgnextchannel=ca9671ee4a9eb410VgnVCM100000171f5a0aRCRD&vgnextoid=197023e4c84d3910VgnVCM2000001f4a900aRCRD,28029,AVENIDA MONFORTE DE LEMOS 38,17:00,Biblioteca Pública Municipal José Saramago (Fuencarral-El Pardo),2025-01-14,2025-06-17
Activas en compañía: gimnasia de mantenimiento,http://www.madrid.es/sites/v/index.jsp?vgnextchannel=ca9671ee4a9eb410VgnVCM100000171f5a0aRCRD&vgnextoid=f93102b68bf54910VgnVCM2000001f4a900aRCRD,28022,PLAZA EURIPIDES 1,12:00,Espacio de Igualdad Lucía Sánchez Saornil. San Blas-Canillejas,2025-01-13,2025-03-31
Actividades en el centro juvenil 'Carabanchel Alto'. Marzo 2025,http://www.madrid.es/sites/v/index.jsp?vgnextchannel=ca9671ee4a9eb410VgnVCM100000171f5a0aRCRD&vgnextoid=c98efeefeb4fd810VgnVCM1000001d4a900aRCRD,28044,CALLE ALFONSO FERNANDEZ 23,,Centro Juvenil Carabanchel Alto,2025-03-01,2025-03-31
Actividades en el centro juvenil 'Chamberí'. Marzo 2025,http://www.madrid.es/sites/v/index.jsp?vgnextchannel=ca9671ee4a9eb410VgnVCM100000171f5a0aRCRD&vgnextoid=296728f1aa80e810VgnVCM2000001f4a900aRCRD,28003,CALLE RAIMUNDO FERNANDEZ VILLAVERDE 2,,Centro Juvenil Chamberí,2025-03-01,2025-03-31
Actividades en el centro juvenil 'El Aleph' (Villa de Vallecas). Marzo 2025,http://www.madrid.es/sites/v/index.jsp?vgnextchannel=ca9671ee4a9eb410VgnVCM100000171f5a0aRCRD&vgnextoid=185816ca7290e810VgnVCM2000001f4a900aRCRD,28031,CALLE ZAZUAR 1,,Centro Juvenil El Aleph (Villa de Vallecas),2025-03-01,2025-03-31
Actividades en el centro juvenil 'El Sitio de mi recreo' (Villa de Vallecas). Marzo 2025,http://www.madrid.es/sites/v/index.jsp?vgnextchannel=ca9671ee4a9eb410VgnVCM100000171f5a0aRCRD&vgnextoid=e90a16ca7290e810VgnVCM2000001f4a900aRCRD,28031,CALLE REAL DE ARGANDA 39,,Centro Juvenil El Sitio de mi Recreo (Villa de Vallecas),2025-03-01,2025-03-31
Actividades en el centro juvenil 'Hontalbilla' (Fuencarral - El Pardo). Marzo 2025,http://www.madrid.es/sites/v/index.jsp?vgnextchannel=ca9671ee4a9eb410VgnVCM100000171f5a0aRCRD&vgnextoid=c5d416ca7290e810VgnVCM2000001f4a900aRCRD,28034,CALLE HONTALBILLA 10,,Centro Juvenil Hontalbilla (Fuencarral - El Pardo),2025-03-01,2025-03-31
Actividades en el centro juvenil 'Ouka Leele'. Marzo 2025.,http://www.madrid.es/sites/v/index.jsp?vgnextchannel=ca9671ee4a9eb410VgnVCM100000171f5a0aRCRD&vgnextoid=51f73efea2652910VgnVCM1000001d4a900aRCRD,28045,CALLE BRONCE 16,,Centro Juvenil Ouka Leele,2025-03-01,2025-03-31
Actividades en el centro juvenil 'Pipo Velasco'. Marzo 2025,http://www.madrid.es/sites/v/index.jsp?vgnextchannel=ca9671ee4a9eb410VgnVCM100000171f5a0aRCRD&vgnextoid=8ff50712f95ed810VgnVCM2000001f4a900aRCRD,28026,CALLE AVENA 5,,Centro Juvenil Pipo Velasco (Usera),2025-03-01,2025-03-31
Actividades mensuales de los centros de mayores del distrito Hortaleza,http://www.madrid.es/sites/v/index.jsp?vgnextchannel=ca9671ee4a9eb410VgnVCM100000171f5a0aRCRD&vgnextoid=315479485bdeb810VgnVCM1000001d4a900aRCRD,0,,,,2024-02-01,2025-07-13
Almudena Lobera. Secuencia Plano Secuencia,http://www.madrid.es/sites/v/index.jsp?vgnextchannel=ca9671ee4a9eb410VgnVCM100000171f5a0aRCRD&vgnextoid=6f9e11c990735910VgnVCM1000001d4a900aRCRD,28014,PLAZA CIBELES 1,,CentroCentro,2025-02-13,2025-06-08
Andrea Canepa «Wasi qaymi (Lugar y tacto)»,http://www.madrid.es/sites/v/index.jsp?vgnextchannel=ca9671ee4a9eb410VgnVCM100000171f5a0aRCRD&vgnextoid=45f102a2fa0e1910VgnVCM1000001d4a900aRCRD,28015,CALLE CONDE DUQUE 9,,Centro de Cultura Contemporánea Conde Duque,2025-02-28,2025-05-18
Apoyo a la autonomía,http://www.madrid.es/sites/v/index.jsp?vgnextchannel=ca9671ee4a9eb410VgnVCM100000171f5a0aRCRD&vgnextoid=1e67f7a45c701910VgnVCM1000001d4a900aRCRD,0,,,,2024-09-13,2025-06-20
Artemisia. La magia de la luna,http://www.madrid.es/sites/v/index.jsp?vgnextchannel=ca9671ee4a9eb410VgnVCM100000171f5a0aRCRD&vgnextoid=91dbd257d6d70910VgnVCM1000001d4a900aRCRD,28045,AVENIDA PLANETARIO 16,18:00,Planetario de Madrid,2024-07-16,2025-12-28
ArTrics - Laboratorio de Creación 2024/25,http://www.madrid.es/sites/v/index.jsp?vgnextchannel=ca9671ee4a9eb410VgnVCM100000171f5a0aRCRD&vgnextoid=7ae9c00a26e12910VgnVCM1000001d4a900aRCRD,0,,,,2024-10-01,2025-07-31
Asombro,http://www.madrid.es/sites/v/index.jsp?vgnextchannel=ca9671ee4a9eb410VgnVCM100000171f5a0aRCRD&vgnextoid=85b965d37f624910VgnVCM1000001d4a900aRCRD,28045,PLAZA LEGAZPI 8,,Matadero Madrid,2025-01-18,2025-03-23
Baile de Mayores en Centro Cultural Almirante Churruca,http://www.madrid.es/sites/v/index.jsp?vgnextchannel=ca9671ee4a9eb410VgnVCM100000171f5a0aRCRD&vgnextoid=beaf2f9cb66d1610VgnVCM2000001f4a900aRCRD,28024,CALLE FUENTE DEL TIRO 72,16:30,Centro Sociocultural Almirante Churruca (Latina),2024-10-04,2025-06-27
Baile de Mayores en Centro Sociocultural El Greco,http://www.madrid.es/sites/v/index.jsp?vgnextchannel=ca9671ee4a9eb410VgnVCM100000171f5a0aRCRD&vgnextoid=77922f9cb66d1610VgnVCM2000001f4a900aRCRD,28011,CALLE EL GRECO 29,18:00,Centro Sociocultural El Greco (Latina),2024-10-03,2025-06-26
Beethoven. Del corazón al corazón,http://www.madrid.es/sites/v/index.jsp?vgnextchannel=ca9671ee4a9eb410VgnVCM100000171f5a0aRCRD&vgnextoid=3cd9168eeb173910VgnVCM1000001d4a900aRCRD,28014,CALLE ALAMEDA 15,,Espacio Cultural Serrería Belga,2024-12-03,2025-03-30
Biblioajedrez,http://www.madrid.es/sites/v/index.jsp?vgnextchannel=ca9671ee4a9eb410VgnVCM100000171f5a0aRCRD&vgnextoid=37340defdf5e1910VgnVCM2000001f4a900aRCRD,28024,CALLE GRANJA DE TORREHERMOSA 1,18:00,Biblioteca Pública Municipal Ángel González (Latina),2024-09-30,2025-05-26
Bodegones y Madrid,http://www.madrid.es/sites/v/index.jsp?vgnextchannel=ca9671ee4a9eb410VgnVCM100000171f5a0aRCRD&vgnextoid=a903ec7bdcf54910VgnVCM1000001d4a900aRCRD,28022,CALLE FEBRERO 4,,Centro Cultural José Luis López Vázquez (San Blas - Canillejas),2025-02-01,2025-03-31
By Lucipun ' Muladar creativo',http://www.madrid.es/sites/v/index.jsp?vgnextchannel=ca9671ee4a9eb410VgnVCM100000171f5a0aRCRD&vgnextoid=32d3ef5066735910VgnVCM2000001f4a900aRCRD,28001,CALLE NUÑEZ DE BALBOA 40,,"Espacio Cultural Núñez de Balboa, 40 (Salamanca)",2025-03-01,2025-03-21
Caminamos juntas,http://www.madrid.es/sites/v/index.jsp?vgnextchannel=ca9671ee4a9eb410VgnVCM100000171f5a0aRCRD&vgnextoid=a54e02b68bf54910VgnVCM2000001f4a900aRCRD,28022,PLAZA EURIPIDES 1,10:30,Espacio de Igualdad Lucía Sánchez Saornil. San Blas-Canillejas,2025-01-07,2025-03-25
Centro de Interpretación del Paisaje de la Luz,http://www.madrid.es/sites/v/index.jsp?vgnextchannel=ca9671ee4a9eb410VgnVCM100000171f5a0aRCRD&vgnextoid=842dc5eb8e915810VgnVCM1000001d4a900aRCRD,28014,PLAZA CIBELES 1,,CentroCentro,2022-12-14,2026-01-14
Chatines: club de lectura infantil,http://www.madrid.es/sites/v/index.jsp?vgnextchannel=ca9671ee4a9eb410VgnVCM100000171f5a0aRCRD&vgnextoid=146e23279fad4910VgnVCM1000001d4a900aRCRD,28036,CALLE MANUEL FERRERO 1,17:30,Biblioteca Pública Municipal Dámaso Alonso (Chamartín),2025-02-27,2025-06-19
Ciclismo por Madrid,http://www.madrid.es/sites/v/index.jsp?vgnextchannel=ca9671ee4a9eb410VgnVCM100000171f5a0aRCRD&vgnextoid=db40e3f0c91ea710VgnVCM2000001f4a900aRCRD,0,,00:00,,2024-09-01,2025-06-30
Cine familiar,http://www.madrid.es/sites/v/index.jsp?vgnextchannel=ca9671ee4a9eb410VgnVCM100000171f5a0aRCRD&vgnextoid=d4fd2e979f0a0910VgnVCM2000001f4a900aRCRD,28045,PLAZA LEGAZPI 8,,Cineteca Madrid,2024-09-15,2025-06-29
Círculo de ciudadanos,http://www.madrid.es/sites/v/index.jsp?vgnextchannel=ca9671ee4a9eb410VgnVCM100000171f5a0aRCRD&vgnextoid=ba197bfae6da4910VgnVCM2000001f4a900aRCRD,28029,AVENIDA MONFORTE DE LEMOS 38,17:00,Biblioteca Pública Municipal José Saramago (Fuencarral-El Pardo),2025-02-11,2025-12-16
Clara Torres Morenilla,http://www.madrid.es/sites/v/index.jsp?vgnextchannel=ca9671ee4a9eb410VgnVCM100000171f5a0aRCRD&vgnextoid=d25a6e29da735910VgnVCM2000001f4a900aRCRD,28028,CALLE ENRIQUE D'ALMONTE 1,,Centro Cultural Quinta del Berro - Rafael Altamira (Salamanca),2025-03-01,2025-03-15
Clases de árabe para niños,http://www.madrid.es/sites/v/index.jsp?vgnextchannel=ca9671ee4a9eb410VgnVCM100000171f5a0aRCRD&vgnextoid=60ceedb3e8133910VgnVCM1000001d4a900aRCRD,28041,AVENIDA SAN FERMIN 10,18:00,Biblioteca Pública Municipal San Fermín (Usera),2024-12-13,2025-05-30
Club de lectura Biblioteca Vallecas,http://www.madrid.es/sites/v/index.jsp?vgnextchannel=ca9671ee4a9eb410VgnVCM100000171f5a0aRCRD&vgnextoid=a0fd177728c21910VgnVCM2000001f4a900aRCRD,28053,CALLE PUERTO DEL MONASTERIO 1,10:00,Biblioteca Pública Municipal Vallecas (Puente de Vallecas),2024-09-27,2025-06-13
Club de lectura de novela gráfica. Premios Nacionales de cómic,http://www.madrid.es/sites/v/index.jsp?vgnextchannel=ca9671ee4a9eb410VgnVCM100000171f5a0aRCRD&vgnextoid=f5210dae9a6da810VgnVCM2000001f4a900aRCRD,28039,CALLE FRANCOS RODRIGUEZ 67,14:45,Biblioteca Pública Municipal Manuel Vázquez Montalbán (Tetuán),2024-09-24,2025-05-27
Club de lectura en BPM María Zambrano,http://www.madrid.es/sites/v/index.jsp?vgnextchannel=ca9671ee4a9eb410VgnVCM100000171f5a0aRCRD&vgnextoid=f6dc84c649ef4910VgnVCM2000001f4a900aRCRD,28029,PLAZA DONOSO 5,11:00,Biblioteca Pública Municipal María Zambrano (Tetuán),2025-02-19,2025-06-25
Club de lectura en francés,http://www.madrid.es/sites/v/index.jsp?vgnextchannel=ca9671ee4a9eb410VgnVCM100000171f5a0aRCRD&vgnextoid=0c129daebdc45910VgnVCM2000001f4a900aRCRD,28041,PLAZA PUEBLO 2,17:00,Biblioteca Pública Municipal Gabriel García Márquez (Usera),2025-02-17,2025-05-19
Club de lectura en inglés 'Reading Club',http://www.madrid.es/sites/v/index.jsp?vgnextchannel=ca9671ee4a9eb410VgnVCM100000171f5a0aRCRD&vgnextoid=dc99b2481b1e1910VgnVCM2000001f4a900aRCRD,28002,CALLE MANTUANO 51,19:00,Biblioteca Pública Municipal Francisco Ibáñez (Chamartín),2024-10-08,2025-04-29
Club de lectura en inglés 'Reading Club',http://www.madrid.es/sites/v/index.jsp?vgnextchannel=ca9671ee4a9eb410VgnVCM100000171f5a0aRCRD&vgnextoid=663cb2481b1e1910VgnVCM2000001f4a900aRCRD,28022,CALLE MARIA SEVILLA DIAGO 15,19:00,Biblioteca Pública Municipal José Hierro (San Blas-Canillejas),2024-10-08,2025-04-29
Club de lectura en inglés 'Reading Club',http://www.madrid.es/sites/v/index.jsp?vgnextchannel=ca9671ee4a9eb410VgnVCM100000171f5a0aRCRD&vgnextoid=64c2b01c7d402910VgnVCM1000001d4a900aRCRD,28005,CALLE SAN JUSTO 5,19:00,Biblioteca Pública Municipal Iván de Vargas (Centro),2024-10-08,2025-04-29
Club de lectura en inglés 'Reading Club',http://www.madrid.es/sites/v/index.jsp?vgnextchannel=ca9671ee4a9eb410VgnVCM100000171f5a0aRCRD&vgnextoid=4e37c32aae520910VgnVCM2000001f4a900aRCRD,28004,CALLE BARCELO 4,19:00,Biblioteca Pública Municipal Mario Vargas Llosa (Centro),2024-10-07,2025-04-28
Club de lectura Naomi Klein,http://www.madrid.es/sites/v/index.jsp?vgnextchannel=ca9671ee4a9eb410VgnVCM100000171f5a0aRCRD&vgnextoid=342b3a03802e2910VgnVCM1000001d4a900aRCRD,28005,CALLE SAN JUSTO 5,19:00,Biblioteca Pública Municipal Iván de Vargas (Centro),2025-01-29,2025-05-28
Club de lectura 'Amigas de las letras'. Espacio de Igualdad Carme Chacón,http://www.madrid.es/sites/v/index.jsp?vgnextchannel=ca9671ee4a9eb410VgnVCM100000171f5a0aRCRD&vgnextoid=9da8470052eb2910VgnVCM2000001f4a900aRCRD,28043,CALLE MATAPOZUELOS 2,17:00,Espacio de Igualdad Carme Chacón. Hortaleza,2025-01-09,2025-03-27
Club de lectura 'Veinte deseos',http://www.madrid.es/sites/v/index.jsp?vgnextchannel=ca9671ee4a9eb410VgnVCM100000171f5a0aRCRD&vgnextoid=b75aa37147a02910VgnVCM2000001f4a900aRCRD,28022,CALLE MARIA SEVILLA DIAGO 15,19:00,Biblioteca Pública Municipal José Hierro (San Blas-Canillejas),2024-10-02,2025-06-25
Club de lectura (infantil) Biblioteca David Gistau,http://www.madrid.es/sites/v/index.jsp?vgnextchannel=ca9671ee4a9eb410VgnVCM100000171f5a0aRCRD&vgnextoid=0c4bf9ea99e61910VgnVCM2000001f4a900aRCRD,28028,AVENIDA TOREROS 5,18:00,Biblioteca Pública Municipal David Gistau (Salamanca),2024-09-30,2025-06-09
Club de lectura (infantil) Biblioteca María Lejárraga,http://www.madrid.es/sites/v/index.jsp?vgnextchannel=ca9671ee4a9eb410VgnVCM100000171f5a0aRCRD&vgnextoid=03cbf9ea99e61910VgnVCM2000001f4a900aRCRD,28050,CALLE PRINCESA DE EBOLI 29,18:00,Biblioteca Pública Municipal María Lejárraga (Hortaleza),2024-10-24,2025-06-19
Club de lectura (infantil) Biblioteca San Fermín,http://www.madrid.es/sites/v/index.jsp?vgnextchannel=ca9671ee4a9eb410VgnVCM100000171f5a0aRCRD&vgnextoid=6304ee4e073b2910VgnVCM1000001d4a900aRCRD,28041,AVENIDA SAN FERMIN 10,18:00,Biblioteca Pública Municipal San Fermín (Usera),2024-10-02,2025-06-18
Club de lectura. Retiro,http://www.madrid.es/sites/v/index.jsp?vgnextchannel=ca9671ee4a9eb410VgnVCM100000171f5a0aRCRD&vgnextoid=d5e34dbe8f624910VgnVCM2000001f4a900aRCRD,28007,PLAZA DAOIZ Y VELARDE 2,18:00,Centro Sociocultural Clara Campoamor (Retiro),2025-01-16,2025-05-29
Club de lectura: autoras africanas,http://www.madrid.es/sites/v/index.jsp?vgnextchannel=ca9671ee4a9eb410VgnVCM100000171f5a0aRCRD&vgnextoid=c278a6f664cb4910VgnVCM2000001f4a900aRCRD,28007,CALLE ARREGUI Y ARUEJ 31,17:30,Espacio de Igualdad Elena Arnedo Soriano. Retiro,2025-02-13,2025-03-27
Club de lectura: 'Mujeres escritoras y lectoras',http://www.madrid.es/sites/v/index.jsp?vgnextchannel=ca9671ee4a9eb410VgnVCM100000171f5a0aRCRD&vgnextoid=9915b7a12d044910VgnVCM2000001f4a900aRCRD,28039,CALLE ALMANSA 9,12:00,Centro Sociocultural José de Espronceda (Tetuán),2025-01-07,2025-03-25
Coder Dojo · Grupo de trabajo 2024-2025,http://www.madrid.es/sites/v/index.jsp?vgnextchannel=ca9671ee4a9eb410VgnVCM100000171f5a0aRCRD&vgnextoid=8c98b60f928d2910VgnVCM1000001d4a900aRCRD,28045,PASEO CHOPERA 14,,Medialab Matadero,2024-11-16,2025-07-26
Colección de ilustraciones. Presente Continuo. Cosmo,http://www.madrid.es/sites/v/index.jsp?vgnextchannel=ca9671ee4a9eb410VgnVCM100000171f5a0aRCRD&vgnextoid=98e33e8ae27a4910VgnVCM1000001d4a900aRCRD,28045,PASEO CHOPERA 10,,Sala de exposiciones La Lonja. Centro Cultural Casa del Reloj (Arganzuela),2025-02-24,2025-03-14
Conectores de la luz,http://www.madrid.es/sites/v/index.jsp?vgnextchannel=ca9671ee4a9eb410VgnVCM100000171f5a0aRCRD&vgnextoid=fae4ebbe36624910VgnVCM1000001d4a900aRCRD,28045,PLAZA LEGAZPI 8,,Matadero Madrid,2025-01-18,2025-03-23
Construimos herramientas para el empoderamiento,http://www.madrid.es/sites/v/index.jsp?vgnextchannel=ca9671ee4a9eb410VgnVCM100000171f5a0aRCRD&vgnextoid=d48ab1ed8d964910VgnVCM2000001f4a900aRCRD,28022,PLAZA EURIPIDES 1,18:15,Espacio de Igualdad Lucía Sánchez Saornil. San Blas-Canillejas,2025-01-08,2025-03-26
Correr por Madrid,http://www.madrid.es/sites/v/index.jsp?vgnextchannel=ca9671ee4a9eb410VgnVCM100000171f5a0aRCRD&vgnextoid=712a8daaa32d4710VgnVCM1000001d4a900aRCRD,0,,00:00,,2024-09-01,2025-06-30
Curar las aguas,http://www.madrid.es/sites/v/index.jsp?vgnextchannel=ca9671ee4a9eb410VgnVCM100000171f5a0aRCRD&vgnextoid=589c4d742c535910VgnVCM2000001f4a900aRCRD,28028,AVENIDA TOREROS 5,,Centro Cultural Buenavista (Salamanca),2025-02-28,2025-03-15
Curso sobre la historia del Barrio del Pilar,http://www.madrid.es/sites/v/index.jsp?vgnextchannel=ca9671ee4a9eb410VgnVCM100000171f5a0aRCRD&vgnextoid=c826b7021b7b1910VgnVCM2000001f4a900aRCRD,28029,AVENIDA MONFORTE DE LEMOS 38,11:30,Biblioteca Pública Municipal José Saramago (Fuencarral-El Pardo),2024-10-14,2025-04-28
Día de perros,http://www.madrid.es/sites/v/index.jsp?vgnextchannel=ca9671ee4a9eb410VgnVCM100000171f5a0aRCRD&vgnextoid=90999daebdc45910VgnVCM2000001f4a900aRCRD,28043,CALLE CARRIL DEL CONDE 57,,Centro Cultural Carril del Conde (Hortaleza),2025-03-01,2025-03-31
Educación pública,http://www.madrid.es/sites/v/index.jsp?vgnextchannel=ca9671ee4a9eb410VgnVCM100000171f5a0aRCRD&vgnextoid=3b349c4490405910VgnVCM1000001d4a900aRCRD,28029,PLAZA DONOSO 5,,Biblioteca Pública Municipal María Zambrano (Tetuán),2025-02-17,2025-03-17
Ejercitando nuestro cuerpo,http://www.madrid.es/sites/v/index.jsp?vgnextchannel=ca9671ee4a9eb410VgnVCM100000171f5a0aRCRD&vgnextoid=603002b68bf54910VgnVCM2000001f4a900aRCRD,28022,PLAZA EURIPIDES 1,10:00,Espacio de Igualdad Lucía Sánchez Saornil. San Blas-Canillejas,2025-01-08,2025-03-26
El Bosque de los Recuerdos,http://www.madrid.es/sites/v/index.jsp?vgnextchannel=ca9671ee4a9eb410VgnVCM100000171f5a0aRCRD&vgnextoid=4eea2ed891ad4910VgnVCM2000001f4a900aRCRD,28029,PLAZA DONOSO 5,11:30,Biblioteca Pública Municipal María Zambrano (Tetuán),2025-02-26,2025-07-23
El realismo en nuestra vida,http://www.madrid.es/sites/v/index.jsp?vgnextchannel=ca9671ee4a9eb410VgnVCM100000171f5a0aRCRD&vgnextoid=3bcb9daebdc45910VgnVCM2000001f4a900aRCRD,28033,CALLE SANTA VIRGILIA 15,,Centro Cultural Hortaleza,2025-03-01,2025-03-31
Empoderamiento y relax,http://www.madrid.es/sites/v/index.jsp?vgnextchannel=ca9671ee4a9eb410VgnVCM100000171f5a0aRCRD&vgnextoid=3713582a56f54910VgnVCM1000001d4a900aRCRD,28022,PLAZA EURIPIDES 1,10:00,Espacio de Igualdad Lucía Sánchez Saornil. San Blas-Canillejas,2025-01-08,2025-03-26
En calma. Taller de relajación,http://www.madrid.es/sites/v/index.jsp?vgnextchannel=ca9671ee4a9eb410VgnVCM100000171f5a0aRCRD&vgnextoid=a2c6aed50c190910VgnVCM1000001d4a900aRCRD,28043,CALLE MATAPOZUELOS 2,11:00,Espacio de Igualdad Carme Chacón. Hortaleza,2025-01-13,2025-04-28
En compañía de las letras,http://www.madrid.es/sites/v/index.jsp?vgnextchannel=ca9671ee4a9eb410VgnVCM100000171f5a0aRCRD&vgnextoid=383d2a21725d3910VgnVCM1000001d4a900aRCRD,28029,AVENIDA MONFORTE DE LEMOS 38,11:00,Biblioteca Pública Municipal José Saramago (Fuencarral-El Pardo),2025-01-31,2025-06-27
Encyclopenglish,http://www.madrid.es/sites/v/index.jsp?vgnextchannel=ca9671ee4a9eb410VgnVCM100000171f5a0aRCRD&vgnextoid=22533544ae1b4910VgnVCM2000001f4a900aRCRD,28005,CALLE SAN JUSTO 5,19:00,Biblioteca Pública Municipal Iván de Vargas (Centro),2025-01-29,2025-06-25
Entierro de la sardina. Se acabó la fiesta,http://www.madrid.es/sites/v/index.jsp?vgnextchannel=ca9671ee4a9eb410VgnVCM100000171f5a0aRCRD&vgnextoid=134c7a0da9294910VgnVCM1000001d4a900aRCRD,28001,CALLE GOYA 1,,Centro Cultural Emilia Pardo Bazán (Salamanca),2025-02-21,2025-03-14
Entre pétalos y hojas,http://www.madrid.es/sites/v/index.jsp?vgnextchannel=ca9671ee4a9eb410VgnVCM100000171f5a0aRCRD&vgnextoid=95b99daebdc45910VgnVCM2000001f4a900aRCRD,28043,CALLE CARRIL DEL CONDE 57,,Centro Cultural Carril del Conde (Hortaleza),2025-03-01,2025-03-31
Escritura creativa para mujeres: relatos y autorreflexión,http://www.madrid.es/sites/v/index.jsp?vgnextchannel=ca9671ee4a9eb410VgnVCM100000171f5a0aRCRD&vgnextoid=1b3823c4d617f810VgnVCM2000001f4a900aRCRD,28007,CALLE ARREGUI Y ARUEJ 31,18:00,Espacio de Igualdad Elena Arnedo Soriano. Retiro,2025-01-14,2025-06-24
Escritura emocional. Espacio de Igualdad Carme Chacón,http://www.madrid.es/sites/v/index.jsp?vgnextchannel=ca9671ee4a9eb410VgnVCM100000171f5a0aRCRD&vgnextoid=73b9470052eb2910VgnVCM2000001f4a900aRCRD,28043,CALLE MATAPOZUELOS 2,11:00,Espacio de Igualdad Carme Chacón. Hortaleza,2025-01-07,2025-04-29
Escuela de espectadores sénior,http://www.madrid.es/sites/v/index.jsp?vgnextchannel=ca9671ee4a9eb410VgnVCM100000171f5a0aRCRD&vgnextoid=06df85f1bda62910VgnVCM1000001d4a900aRCRD,28045,PASEO CHOPERA 14,,Nave 10 Matadero. Creación Dramática Contemporánea,2024-10-03,2025-06-25
Escuela de Teatro. Teatro Municipal de Vallecas,http://www.madrid.es/sites/v/index.jsp?vgnextchannel=ca9671ee4a9eb410VgnVCM100000171f5a0aRCRD&vgnextoid=43c50a3c214f3810VgnVCM2000001f4a900aRCRD,28031,CALLE PASO DE VILLAMANRIQUE 3,,Teatro Municipal de Vallecas,2024-09-01,2025-07-01
Espacio P.O.M 2024-25,http://www.madrid.es/sites/v/index.jsp?vgnextchannel=ca9671ee4a9eb410VgnVCM100000171f5a0aRCRD&vgnextoid=663e02a2fa0e1910VgnVCM1000001d4a900aRCRD,28015,CALLE CONDE DUQUE 9,,Centro de Cultura Contemporánea Conde Duque,2024-09-01,2025-05-31
"Espacios naturales españoles, guardianes de la biodiversidad",http://www.madrid.es/sites/v/index.jsp?vgnextchannel=ca9671ee4a9eb410VgnVCM100000171f5a0aRCRD&vgnextoid=fd4a29457e3e3910VgnVCM1000001d4a900aRCRD,28009,PASEO FERNAN NUÑEZ 2,10:00,Centro de Información y Educación Ambiental de El Huerto de El Retiro,2025-01-02,2025-03-30
Estrenos Cineteca,http://www.madrid.es/sites/v/index.jsp?vgnextchannel=ca9671ee4a9eb410VgnVCM100000171f5a0aRCRD&vgnextoid=0e63fc6a6f343910VgnVCM1000001d4a900aRCRD,28045,PLAZA LEGAZPI 8,,Cineteca Madrid,2024-09-05,2025-07-31
Explora y juega Matadero Madrid en Familia,http://www.madrid.es/sites/v/index.jsp?vgnextchannel=ca9671ee4a9eb410VgnVCM100000171f5a0aRCRD&vgnextoid=d7fff2d5c9662910VgnVCM1000001d4a900aRCRD,28045,PLAZA LEGAZPI 8,,Matadero Madrid,2024-10-05,2026-06-30
Exploradores de imágenes,http://www.madrid.es/sites/v/index.jsp?vgnextchannel=ca9671ee4a9eb410VgnVCM100000171f5a0aRCRD&vgnextoid=13c5e7da8b822910VgnVCM1000001d4a900aRCRD,28045,PLAZA LEGAZPI 8,,Matadero Madrid,2024-10-01,2025-06-01
Exposición de Pintura `Paisajes´ y `Rincones de Serradilla del Llano´,http://www.madrid.es/sites/v/index.jsp?vgnextchannel=ca9671ee4a9eb410VgnVCM100000171f5a0aRCRD&vgnextoid=55bf157fd8e15910VgnVCM1000001d4a900aRCRD,28021,ACCESO COLONIA MARCONI 4,,Centro Sociocultural Marconi (Villaverde),2025-03-01,2025-03-31
Exposición fotográfica: Fauna del entorno Meaques-Retamares,http://www.madrid.es/sites/v/index.jsp?vgnextchannel=ca9671ee4a9eb410VgnVCM100000171f5a0aRCRD&vgnextoid=d2b072b8d63e3910VgnVCM2000001f4a900aRCRD,28011,PARQUE CASA DE CAMPO (JUNTO AL EMBARCADERO DEL LAGO) ,10:00,Centro de Información y Educación Ambiental de Casa de Campo,2025-01-02,2025-03-30
"Exposición: Giovanni Perluigi da Palestrina, compositor renacentista de música sacra",http://www.madrid.es/sites/v/index.jsp?vgnextchannel=ca9671ee4a9eb410VgnVCM100000171f5a0aRCRD&vgnextoid=ba41e51b020e4910VgnVCM1000001d4a900aRCRD,28015,CALLE CONDE DUQUE 9,,Biblioteca Musical Víctor Espinós,2025-02-07,2025-03-31
Fabricantes de historias,http://www.madrid.es/sites/v/index.jsp?vgnextchannel=ca9671ee4a9eb410VgnVCM100000171f5a0aRCRD&vgnextoid=f71667b761044910VgnVCM1000001d4a900aRCRD,28045,PLAZA LEGAZPI 8,,Matadero Madrid,2025-01-25,2025-03-15
Falamos Português,http://www.madrid.es/sites/v/index.jsp?vgnextchannel=ca9671ee4a9eb410VgnVCM100000171f5a0aRCRD&vgnextoid=48c4948aceca4910VgnVCM1000001d4a900aRCRD,28029,AVENIDA MONFORTE DE LEMOS 38,18:00,Biblioteca Pública Municipal José Saramago (Fuencarral-El Pardo),2025-02-21,2025-06-20
Fuentesal Arenillas e Itziar Okariz «CARRUSEL»,http://www.madrid.es/sites/v/index.jsp?vgnextchannel=ca9671ee4a9eb410VgnVCM100000171f5a0aRCRD&vgnextoid=9ec102a2fa0e1910VgnVCM1000001d4a900aRCRD,28015,CALLE CONDE DUQUE 9,,Centro de Cultura Contemporánea Conde Duque,2025-02-27,2025-05-18
"Ganchillo, punto o lo que queramos",http://www.madrid.es/sites/v/index.jsp?vgnextchannel=ca9671ee4a9eb410VgnVCM100000171f5a0aRCRD&vgnextoid=fff5499d1fc63910VgnVCM1000001d4a900aRCRD,28043,CALLE MATAPOZUELOS 2,11:00,Espacio de Igualdad Carme Chacón. Hortaleza,2025-01-07,2025-04-29
Grupo autónomo de Wikipedia,http://www.madrid.es/sites/v/index.jsp?vgnextchannel=ca9671ee4a9eb410VgnVCM100000171f5a0aRCRD&vgnextoid=e4f04d15a5664910VgnVCM2000001f4a900aRCRD,28039,CALLE BRAVO MURILLO 133,11:00,Espacio de Igualdad Hermanas Mirabal. Tetuán,2025-01-09,2025-03-27
Héctor Serrano,http://www.madrid.es/sites/v/index.jsp?vgnextchannel=ca9671ee4a9eb410VgnVCM100000171f5a0aRCRD&vgnextoid=2b1fba93a70e4910VgnVCM1000001d4a900aRCRD,28045,PLAZA LEGAZPI 8,,Matadero Madrid,2025-02-27,2025-03-30
Historia de una escalera,http://www.madrid.es/sites/v/index.jsp?vgnextchannel=ca9671ee4a9eb410VgnVCM100000171f5a0aRCRD&vgnextoid=22bee2fc6e6c1910VgnVCM1000001d4a900aRCRD,28012,CALLE PRINCIPE 25,19:00,Teatro Español,2025-01-24,2025-03-30
Informática nivel intermedio,http://www.madrid.es/sites/v/index.jsp?vgnextchannel=ca9671ee4a9eb410VgnVCM100000171f5a0aRCRD&vgnextoid=9f01d88f2de54910VgnVCM1000001d4a900aRCRD,28022,PLAZA EURIPIDES 1,10:30,Espacio de Igualdad Lucía Sánchez Saornil. San Blas-Canillejas,2025-01-13,2025-03-31
Iniciación a la informática,http://www.madrid.es/sites/v/index.jsp?vgnextchannel=ca9671ee4a9eb410VgnVCM100000171f5a0aRCRD&vgnextoid=9203d88f2de54910VgnVCM1000001d4a900aRCRD,28022,PLAZA EURIPIDES 1,10:30,Espacio de Igualdad Lucía Sánchez Saornil. San Blas-Canillejas,2025-01-13,2025-03-31
INVICTUS. El deporte madrileño a través de sus trofeos,http://www.madrid.es/sites/v/index.jsp?vgnextchannel=ca9671ee4a9eb410VgnVCM100000171f5a0aRCRD&vgnextoid=880148eed77b4910VgnVCM2000001f4a900aRCRD,28004,CALLE FUENCARRAL 78,10:00,Museo de Historia de Madrid,2025-01-30,2025-04-27
IV Edición del Certamen de Fotografía Villa de Vallecas,http://www.madrid.es/sites/v/index.jsp?vgnextchannel=ca9671ee4a9eb410VgnVCM100000171f5a0aRCRD&vgnextoid=f3abcfac99225910VgnVCM2000001f4a900aRCRD,28031,CALLE MANUEL VELEZ 10,,Centro Sociocultural Francisco Fatou (Villa de Vallecas),2025-02-20,2025-03-21
IX Muestra de Orfebrería Contemporánea,http://www.madrid.es/sites/v/index.jsp?vgnextchannel=ca9671ee4a9eb410VgnVCM100000171f5a0aRCRD&vgnextoid=33f41b63dd81b810VgnVCM1000001d4a900aRCRD,28012,CALLE CONCEPCION JERONIMA 15,14:00,Imprenta Municipal - Artes del libro,2025-01-28,2025-03-23
IX Muestra Orfebrería Contemporánea,http://www.madrid.es/sites/v/index.jsp?vgnextchannel=ca9671ee4a9eb410VgnVCM100000171f5a0aRCRD&vgnextoid=9c329b6c617b4910VgnVCM1000001d4a900aRCRD,28015,CALLE CONDE DUQUE 9,11:00,Museo de Arte Contemporáneo de Madrid,2025-02-05,2025-03-23
Jornadas de filosofía. La mirada de la lechuza,http://www.madrid.es/sites/v/index.jsp?vgnextchannel=ca9671ee4a9eb410VgnVCM100000171f5a0aRCRD&vgnextoid=1705e01f5be02910VgnVCM2000001f4a900aRCRD,28037,CALLE SAN ROMAN DEL VALLE 8,,Centro Cultural Antonio Machado (San Blas - Canillejas),2024-10-03,2025-06-26
La Leyenda del Titanic,http://www.madrid.es/sites/v/index.jsp?vgnextchannel=ca9671ee4a9eb410VgnVCM100000171f5a0aRCRD&vgnextoid=5ef58c83603a0910VgnVCM1000001d4a900aRCRD,28045,PLAZA LEGAZPI 8,,Matadero Madrid,2024-09-12,2025-07-31
La primavera en el mundo macro,http://www.madrid.es/sites/v/index.jsp?vgnextchannel=ca9671ee4a9eb410VgnVCM100000171f5a0aRCRD&vgnextoid=4090157fd8e15910VgnVCM1000001d4a900aRCRD,28004,CALLE BARCELO 4,08:30,Biblioteca Pública Municipal Mario Vargas Llosa (Centro),2025-02-21,2025-03-28
La señorita de Trévelez,http://www.madrid.es/sites/v/index.jsp?vgnextchannel=ca9671ee4a9eb410VgnVCM100000171f5a0aRCRD&vgnextoid=2f9fb0f8cebe1910VgnVCM1000001d4a900aRCRD,28001,PLAZA COLON 4,,Fernán Gómez Centro Cultural de la Villa,2025-02-16,2025-04-20
La señorita de Trevélez:  Actividades,http://www.madrid.es/sites/v/index.jsp?vgnextchannel=ca9671ee4a9eb410VgnVCM100000171f5a0aRCRD&vgnextoid=52af1c6aee645910VgnVCM1000001d4a900aRCRD,28001,PLAZA COLON 4,,Fernán Gómez Centro Cultural de la Villa,2025-02-27,2025-04-20
Laboratorio de Técnicas de Estudio y Clases de Apoyo Escolar,http://www.madrid.es/sites/v/index.jsp?vgnextchannel=ca9671ee4a9eb410VgnVCM100000171f5a0aRCRD&vgnextoid=912ed305de902910VgnVCM2000001f4a900aRCRD,28021,ACCESO COLONIA MARCONI 4,18:00,Centro Sociocultural Marconi (Villaverde),2024-10-07,2025-04-28
Laboratorios ciudadanos: Rescatando la memoria de la Dehesa de la Villa,http://www.madrid.es/sites/v/index.jsp?vgnextchannel=ca9671ee4a9eb410VgnVCM100000171f5a0aRCRD&vgnextoid=0825a2fa9a3e3910VgnVCM1000001d4a900aRCRD,0,,10:00,Centro de Información y Educación Ambiental de Dehesa de la Villa,2025-02-01,2025-03-30
Las escénicas: taller de teatro para el empoderamiento femenino,http://www.madrid.es/sites/v/index.jsp?vgnextchannel=ca9671ee4a9eb410VgnVCM100000171f5a0aRCRD&vgnextoid=434f02b68bf54910VgnVCM2000001f4a900aRCRD,28022,PLAZA EURIPIDES 1,16:30,Espacio de Igualdad Lucía Sánchez Saornil. San Blas-Canillejas,2025-01-08,2025-03-26
"Lectura de textos dramáticos traducidos, por Entre Bambalíneas",http://www.madrid.es/sites/v/index.jsp?vgnextchannel=ca9671ee4a9eb410VgnVCM100000171f5a0aRCRD&vgnextoid=1ac9ec15205d3910VgnVCM2000001f4a900aRCRD,28004,CALLE BARCELO 4,17:30,Biblioteca Pública Municipal Mario Vargas Llosa (Centro),2025-01-24,2025-06-20
Libres y Seguras. Autodefensa feminista en el Espacio de Igualdad Lourdes Hernández,http://www.madrid.es/sites/v/index.jsp?vgnextchannel=ca9671ee4a9eb410VgnVCM100000171f5a0aRCRD&vgnextoid=90fe82449be9e810VgnVCM1000001d4a900aRCRD,28019,CALLE COMANDANTE FONTANES 8,18:00,Espacio de Igualdad Lourdes Hernández. Carabanchel,2025-01-23,2025-06-26
Literatura con nombre de mujer: Club de lectura.,http://www.madrid.es/sites/v/index.jsp?vgnextchannel=ca9671ee4a9eb410VgnVCM100000171f5a0aRCRD&vgnextoid=07773d9181f54910VgnVCM1000001d4a900aRCRD,28022,PLAZA EURIPIDES 1,10:00,Espacio de Igualdad Lucía Sánchez Saornil. San Blas-Canillejas,2025-01-09,2025-03-28
"Los malestares de Lucía, los malestares de todas",http://www.madrid.es/sites/v/index.jsp?vgnextchannel=ca9671ee4a9eb410VgnVCM100000171f5a0aRCRD&vgnextoid=82bfb1ed8d964910VgnVCM2000001f4a900aRCRD,28022,PLAZA EURIPIDES 1,12:00,Espacio de Igualdad Lucía Sánchez Saornil. San Blas-Canillejas,2025-01-09,2025-03-27
Ludoteca,http://www.madrid.es/sites/v/index.jsp?vgnextchannel=ca9671ee4a9eb410VgnVCM100000171f5a0aRCRD&vgnextoid=7b9d3a03802e2910VgnVCM1000001d4a900aRCRD,28048,CALLE MIRA EL RIO 4,10:30,Centro Sociocultural Alfonso XII (Fuencarral - El Pardo),2025-03-01,2025-03-29
Ludoteca en Centro Cultural  Miguel Hernández,http://www.madrid.es/sites/v/index.jsp?vgnextchannel=ca9671ee4a9eb410VgnVCM100000171f5a0aRCRD&vgnextoid=424529ae67e9e810VgnVCM2000001f4a900aRCRD,28044,CALLE SERRADILLA 13,,Centro Cultural Miguel Hernández (Latina),2024-10-04,2025-06-28
Ludoteca en Centro Cultural Fernando de los Ríos,http://www.madrid.es/sites/v/index.jsp?vgnextchannel=ca9671ee4a9eb410VgnVCM100000171f5a0aRCRD&vgnextoid=c62cdfaf0ae9e810VgnVCM2000001f4a900aRCRD,28047,CALLE CAMARENA 10,,Centro Cultural Fernando de los Ríos (Latina),2024-10-04,2025-06-28
Ludoteca en Centro Cultural José Luis Sampedro,http://www.madrid.es/sites/v/index.jsp?vgnextchannel=ca9671ee4a9eb410VgnVCM100000171f5a0aRCRD&vgnextoid=88f129ae67e9e810VgnVCM2000001f4a900aRCRD,28047,CALLE CASTROSERNA 4,,Centro Cultural José Luis Sampedro (Latina),2024-10-04,2025-06-28
Ludoteca en Centro Cultural Sara Montiel,http://www.madrid.es/sites/v/index.jsp?vgnextchannel=ca9671ee4a9eb410VgnVCM100000171f5a0aRCRD&vgnextoid=4f9000e8cdd9e810VgnVCM2000001f4a900aRCRD,28024,CARRETERA BOADILLA DEL MONTE 40,,Centro Cultural Sara Montiel (Latina),2024-10-04,2025-06-28
Ludoteca en Centro Sociocultural Almirante Churruca,http://www.madrid.es/sites/v/index.jsp?vgnextchannel=ca9671ee4a9eb410VgnVCM100000171f5a0aRCRD&vgnextoid=eb0e29ae67e9e810VgnVCM2000001f4a900aRCRD,28024,CALLE FUENTE DEL TIRO 72,,Centro Sociocultural Almirante Churruca (Latina),2024-10-04,2025-06-28
Ludoteca en Centro Sociocultural El Greco,http://www.madrid.es/sites/v/index.jsp?vgnextchannel=ca9671ee4a9eb410VgnVCM100000171f5a0aRCRD&vgnextoid=4a5029ae67e9e810VgnVCM2000001f4a900aRCRD,28011,CALLE EL GRECO 29,,Centro Sociocultural El Greco (Latina),2024-10-04,2025-06-28
Ludoteca en Centro Sociocultural Rosario Acuña,http://www.madrid.es/sites/v/index.jsp?vgnextchannel=ca9671ee4a9eb410VgnVCM100000171f5a0aRCRD&vgnextoid=109ddfaf0ae9e810VgnVCM2000001f4a900aRCRD,28011,CALLE MARIA DEL CARMEN 65,,Centro Sociocultural Rosario de Acuña (Latina),2024-10-05,2025-06-28
Ludoteca en la Biblioteca Ángel González,http://www.madrid.es/sites/v/index.jsp?vgnextchannel=ca9671ee4a9eb410VgnVCM100000171f5a0aRCRD&vgnextoid=50a99392d9f94810VgnVCM1000001d4a900aRCRD,28024,CALLE GRANJA DE TORREHERMOSA 1,09:30,Biblioteca Pública Municipal Ángel González (Latina),2024-09-14,2025-05-31
LUDOTECAS,http://www.madrid.es/sites/v/index.jsp?vgnextchannel=ca9671ee4a9eb410VgnVCM100000171f5a0aRCRD&vgnextoid=007ec620e99d3910VgnVCM2000001f4a900aRCRD,28034,PLAZA ISLAS AZORES 1,10:30,Centro Sociocultural Valverde (Fuencarral - El Pardo),2025-03-01,2025-03-29
Ludotecas en Centro Sociocultural Latina,http://www.madrid.es/sites/v/index.jsp?vgnextchannel=ca9671ee4a9eb410VgnVCM100000171f5a0aRCRD&vgnextoid=59c61197cb41f810VgnVCM1000001d4a900aRCRD,0,,,,2024-10-05,2025-06-28
Ludotecas en el Centro Dotacional Integrado Arganzuela Ángel del Río,http://www.madrid.es/sites/v/index.jsp?vgnextchannel=ca9671ee4a9eb410VgnVCM100000171f5a0aRCRD&vgnextoid=1d2a63ea54ad4910VgnVCM1000001d4a900aRCRD,28045,CALLE CANARIAS 17,,Centro Dotacional Integrado Arganzuela Ángel del Río,2025-03-01,2025-03-29
Madrid Monumental: Antonio Palacios,http://www.madrid.es/sites/v/index.jsp?vgnextchannel=ca9671ee4a9eb410VgnVCM100000171f5a0aRCRD&vgnextoid=d432e1f659714910VgnVCM2000001f4a900aRCRD,28015,CALLE CONDE DUQUE 11,18:30,Hemeroteca Municipal,2025-01-23,2025-12-31
"Madrid, Musa de las Letras",http://www.madrid.es/sites/v/index.jsp?vgnextchannel=ca9671ee4a9eb410VgnVCM100000171f5a0aRCRD&vgnextoid=594444afb09f2910VgnVCM1000001d4a900aRCRD,28014,CALLE ALAMEDA 15,,Espacio Cultural Serrería Belga,2023-04-15,2025-12-31
Madrileñas Ilustres: Rosario de Acuña (1850-1923),http://www.madrid.es/sites/v/index.jsp?vgnextchannel=ca9671ee4a9eb410VgnVCM100000171f5a0aRCRD&vgnextoid=a77f8f6c914d3910VgnVCM1000001d4a900aRCRD,28015,CALLE CONDE DUQUE 9,,Biblioteca Histórica Municipal,2024-12-13,2025-06-30
Martes de estiramientos,http://www.madrid.es/sites/v/index.jsp?vgnextchannel=ca9671ee4a9eb410VgnVCM100000171f5a0aRCRD&vgnextoid=92b5811002304910VgnVCM1000001d4a900aRCRD,28007,CALLE ARREGUI Y ARUEJ 31,10:00,Espacio de Igualdad Elena Arnedo Soriano. Retiro,2025-01-14,2025-04-22
Máscaras mágicas,http://www.madrid.es/sites/v/index.jsp?vgnextchannel=ca9671ee4a9eb410VgnVCM100000171f5a0aRCRD&vgnextoid=fe2e87330c444910VgnVCM1000001d4a900aRCRD,28045,PLAZA LEGAZPI 8,,Matadero Madrid,2025-02-01,2025-04-05
Me estiro y no me estreso,http://www.madrid.es/sites/v/index.jsp?vgnextchannel=ca9671ee4a9eb410VgnVCM100000171f5a0aRCRD&vgnextoid=609a54036fb1d810VgnVCM1000001d4a900aRCRD,28043,CALLE MATAPOZUELOS 2,18:00,Espacio de Igualdad Carme Chacón. Hortaleza,2025-01-08,2025-04-30
Meditación Vipassana,http://www.madrid.es/sites/v/index.jsp?vgnextchannel=ca9671ee4a9eb410VgnVCM100000171f5a0aRCRD&vgnextoid=50231f760e2b1910VgnVCM2000001f4a900aRCRD,0,,09:45,,2024-09-18,2025-06-18
Natacha,http://www.madrid.es/sites/v/index.jsp?vgnextchannel=ca9671ee4a9eb410VgnVCM100000171f5a0aRCRD&vgnextoid=abeee2fc6e6c1910VgnVCM1000001d4a900aRCRD,28012,CALLE PRINCIPE 25,19:30,Teatro Español,2025-02-11,2025-03-30
Nerium Park,http://www.madrid.es/sites/v/index.jsp?vgnextchannel=ca9671ee4a9eb410VgnVCM100000171f5a0aRCRD&vgnextoid=40029f45bf9e1910VgnVCM1000001d4a900aRCRD,28045,PASEO CHOPERA 14,19:30,Nave 10 Matadero. Creación Dramática Contemporánea,2025-02-27,2025-03-23
Nuestros lugares en el barrio [Mujeres Compartiendo Sabiduría],http://www.madrid.es/sites/v/index.jsp?vgnextchannel=ca9671ee4a9eb410VgnVCM100000171f5a0aRCRD&vgnextoid=a3a1aff289ed2910VgnVCM2000001f4a900aRCRD,28022,PLAZA EURIPIDES 1,10:30,Espacio de Igualdad Lucía Sánchez Saornil. San Blas-Canillejas,2025-01-09,2025-03-27
Orfebres en Madrid. IX Muestra de Orfebrería Contemporánea,http://www.madrid.es/sites/v/index.jsp?vgnextchannel=ca9671ee4a9eb410VgnVCM100000171f5a0aRCRD&vgnextoid=2fdcb4e35c6b4910VgnVCM2000001f4a900aRCRD,28004,CALLE FUENCARRAL 78,10:00,Museo de Historia de Madrid,2025-02-05,2025-03-23
Panorama de los centros educativos de Tetuán,http://www.madrid.es/sites/v/index.jsp?vgnextchannel=ca9671ee4a9eb410VgnVCM100000171f5a0aRCRD&vgnextoid=bdbad53414e15910VgnVCM1000001d4a900aRCRD,28039,CALLE FRANCOS RODRIGUEZ 67,,Biblioteca Pública Municipal Manuel Vázquez Montalbán (Tetuán),2025-02-19,2025-03-14
Parkour por Madrid,http://www.madrid.es/sites/v/index.jsp?vgnextchannel=ca9671ee4a9eb410VgnVCM100000171f5a0aRCRD&vgnextoid=56b10f40cb9d0910VgnVCM2000001f4a900aRCRD,28021,PASEO PLATA Y CASTAÑAR 7,00:00,Centro Deportivo Municipal Plata y Castañar,2024-09-01,2025-06-30
Pasarela Brasil Fashion Madrid III Edición,http://www.madrid.es/sites/v/index.jsp?vgnextchannel=ca9671ee4a9eb410VgnVCM100000171f5a0aRCRD&vgnextoid=e0a80089de4f4910VgnVCM2000001f4a900aRCRD,28009,PASEO FERNÁN NÚÑEZ 24,,Biblioteca Pública Municipal Eugenio Trías. Casa de Fieras de El Retiro (Retiro),2025-02-10,2025-03-16
Pintura realista con Acuarelables,http://www.madrid.es/sites/v/index.jsp?vgnextchannel=ca9671ee4a9eb410VgnVCM100000171f5a0aRCRD&vgnextoid=8f2c93de293f3910VgnVCM2000001f4a900aRCRD,28047,CALLE CASTROSERNA 4,,Centro Cultural José Luis Sampedro (Latina),2025-03-01,2025-03-31
Piragüismo por Madrid,http://www.madrid.es/sites/v/index.jsp?vgnextchannel=ca9671ee4a9eb410VgnVCM100000171f5a0aRCRD&vgnextoid=6a73b16daa0b2810VgnVCM1000001d4a900aRCRD,28042,"GLORIETA S.A.R. DON JUAN DE BORBON Y BATTEMBERG, 5 5",00:00,Parque Juan Carlos I,2024-09-01,2025-07-31
Podcast: Escuchemos las voces de las mujeres,http://www.madrid.es/sites/v/index.jsp?vgnextchannel=ca9671ee4a9eb410VgnVCM100000171f5a0aRCRD&vgnextoid=85a7811002304910VgnVCM1000001d4a900aRCRD,28007,CALLE ARREGUI Y ARUEJ 31,17:00,Espacio de Igualdad Elena Arnedo Soriano. Retiro,2025-01-23,2025-06-12
Punto de intercambio de libros gratuito,http://www.madrid.es/sites/v/index.jsp?vgnextchannel=ca9671ee4a9eb410VgnVCM100000171f5a0aRCRD&vgnextoid=a002ee1131644910VgnVCM1000001d4a900aRCRD,28042,PLAZA NAVIO 4,,Centro Sociocultural Teresa de Calcuta (Barajas),2025-01-01,2033-01-31
Puntos de intercambio gratuitos de libros en los Centros Culturales de Barajas,http://www.madrid.es/sites/v/index.jsp?vgnextchannel=ca9671ee4a9eb410VgnVCM100000171f5a0aRCRD&vgnextoid=809e3ec8f3237810VgnVCM1000001d4a900aRCRD,0,,,,2023-04-10,2029-06-30
Reinforce English,http://www.madrid.es/sites/v/index.jsp?vgnextchannel=ca9671ee4a9eb410VgnVCM100000171f5a0aRCRD&vgnextoid=8fa7c406a51b4910VgnVCM2000001f4a900aRCRD,28005,CALLE SAN JUSTO 5,18:00,Biblioteca Pública Municipal Iván de Vargas (Centro),2025-01-29,2025-06-25
Repair Café Madrid 2024-25,http://www.madrid.es/sites/v/index.jsp?vgnextchannel=ca9671ee4a9eb410VgnVCM100000171f5a0aRCRD&vgnextoid=87e6a32fa9322910VgnVCM1000001d4a900aRCRD,28045,PASEO CHOPERA 14,18:00,Medialab en Matadero. Matadero Madrid,2024-09-28,2025-07-26
RESIDENCIAS ARTÍSTICAS LIVING MUSEUM 2024-25,http://www.madrid.es/sites/v/index.jsp?vgnextchannel=ca9671ee4a9eb410VgnVCM100000171f5a0aRCRD&vgnextoid=bf64250baf992910VgnVCM1000001d4a900aRCRD,28015,CALLE CONDE DUQUE 9,,Centro de Cultura Contemporánea Conde Duque,2024-10-01,2025-05-25
Retrato de la Mujer en Ciencia:  ilustrando la historia de científicas y sus  descubrimientos,http://www.madrid.es/sites/v/index.jsp?vgnextchannel=ca9671ee4a9eb410VgnVCM100000171f5a0aRCRD&vgnextoid=e1f1a8c219315910VgnVCM2000001f4a900aRCRD,28022,CALLE BOLTAÑA 27,,Centro Cultural Buero Vallejo (San Blas - Canillejas),2025-03-01,2025-03-31
Revelar: Descubriendo lo ignorado.,http://www.madrid.es/sites/v/index.jsp?vgnextchannel=ca9671ee4a9eb410VgnVCM100000171f5a0aRCRD&vgnextoid=51739c4490405910VgnVCM1000001d4a900aRCRD,28045,PASEO CHOPERA 6,,Centro Cultural Casa del Reloj (Arganzuela),2025-02-19,2025-03-13
Revista Afal. Pequeña y libre,http://www.madrid.es/sites/v/index.jsp?vgnextchannel=ca9671ee4a9eb410VgnVCM100000171f5a0aRCRD&vgnextoid=eed9ea6b993d3910VgnVCM1000001d4a900aRCRD,28014,CALLE ALAMEDA 15,,Espacio Cultural Serrería Belga,2024-12-18,2025-03-30
Ritmos Latinos y Bailes Americanos (Nivel Medio). Jornadas gratuitas,http://www.madrid.es/sites/v/index.jsp?vgnextchannel=ca9671ee4a9eb410VgnVCM100000171f5a0aRCRD&vgnextoid=5f96e01f5be02910VgnVCM2000001f4a900aRCRD,28037,CALLE SAN ROMAN DEL VALLE 8,,Centro Cultural Antonio Machado (San Blas - Canillejas),2024-10-04,2025-06-27
Roberta González. Una pequeña colección madrileña.,http://www.madrid.es/sites/v/index.jsp?vgnextchannel=ca9671ee4a9eb410VgnVCM100000171f5a0aRCRD&vgnextoid=94b9e2e286ada810VgnVCM1000001d4a900aRCRD,28015,CALLE CONDE DUQUE 9,12:00,Museo de Arte Contemporáneo de Madrid,2023-10-05,2025-05-04
Rutas Medioambientales Invierno 2025 - Distrito de Villaverde,http://www.madrid.es/sites/v/index.jsp?vgnextchannel=ca9671ee4a9eb410VgnVCM100000171f5a0aRCRD&vgnextoid=5230dca2f3964910VgnVCM1000001d4a900aRCRD,0,,,,2025-01-19,2025-03-16
Sanando y aceptándonos en colectividad,http://www.madrid.es/sites/v/index.jsp?vgnextchannel=ca9671ee4a9eb410VgnVCM100000171f5a0aRCRD&vgnextoid=31bcb1ed8d964910VgnVCM2000001f4a900aRCRD,28022,PLAZA EURIPIDES 1,18:30,Espacio de Igualdad Lucía Sánchez Saornil. San Blas-Canillejas,2025-01-13,2025-03-31
Sinfonía en clave de MAC. Obras maestras del Museo de Arte Contemporáneo,http://www.madrid.es/sites/v/index.jsp?vgnextchannel=ca9671ee4a9eb410VgnVCM100000171f5a0aRCRD&vgnextoid=a193a1fda6773910VgnVCM2000001f4a900aRCRD,28015,CALLE CONDE DUQUE 9,12:00,Museo de Arte Contemporáneo de Madrid,2024-12-05,2025-06-01
Sombras de tinta,http://www.madrid.es/sites/v/index.jsp?vgnextchannel=ca9671ee4a9eb410VgnVCM100000171f5a0aRCRD&vgnextoid=25409cf356325910VgnVCM1000001d4a900aRCRD,28039,CALLE FRANCOS RODRIGUEZ 67,,Biblioteca Pública Municipal Manuel Vázquez Montalbán (Tetuán),2025-02-21,2025-03-21
Taller de ajedrez avanzado (Infantil-juvenil) Biblioteca Gabriel Gª Márquez,http://www.madrid.es/sites/v/index.jsp?vgnextchannel=ca9671ee4a9eb410VgnVCM100000171f5a0aRCRD&vgnextoid=3e7958cef3391910VgnVCM2000001f4a900aRCRD,28041,PLAZA PUEBLO 2,19:00,Biblioteca Pública Municipal Gabriel García Márquez (Usera),2024-10-02,2025-06-11
Taller de ajedrez (Avanzado) Biblioteca Canillejas,http://www.madrid.es/sites/v/index.jsp?vgnextchannel=ca9671ee4a9eb410VgnVCM100000171f5a0aRCRD&vgnextoid=70bded4a8e291910VgnVCM1000001d4a900aRCRD,28022,CALLE BOLTAÑA 23,12:00,Biblioteca Pública Municipal Canillejas (San Blas-Canillejas),2024-09-27,2025-06-13
Taller de ajedrez (avanzado) Biblioteca La Chata,http://www.madrid.es/sites/v/index.jsp?vgnextchannel=ca9671ee4a9eb410VgnVCM100000171f5a0aRCRD&vgnextoid=2a05eb6d989d3910VgnVCM1000001d4a900aRCRD,28025,CALLE GENERAL RICARDOS 252,18:30,Biblioteca Pública Municipal La Chata (Carabanchel),2024-10-01,2025-06-10
Taller de ajedrez (Avanzado) Biblioteca San Fermín,http://www.madrid.es/sites/v/index.jsp?vgnextchannel=ca9671ee4a9eb410VgnVCM100000171f5a0aRCRD&vgnextoid=5839c187df291910VgnVCM1000001d4a900aRCRD,28041,AVENIDA SAN FERMIN 10,19:00,Biblioteca Pública Municipal San Fermín (Usera),2024-09-30,2025-06-23
Taller de ajedrez (Iniciación) Biblioteca Canillejas,http://www.madrid.es/sites/v/index.jsp?vgnextchannel=ca9671ee4a9eb410VgnVCM100000171f5a0aRCRD&vgnextoid=a9a9ed4a8e291910VgnVCM1000001d4a900aRCRD,28022,CALLE BOLTAÑA 23,11:00,Biblioteca Pública Municipal Canillejas (San Blas-Canillejas),2024-09-27,2025-06-13
Taller de cine Biblioteca La Elipa,http://www.madrid.es/sites/v/index.jsp?vgnextchannel=ca9671ee4a9eb410VgnVCM100000171f5a0aRCRD&vgnextoid=1d50ddbf75b41910VgnVCM2000001f4a900aRCRD,28017,CALLE NUESTRA SEÑORA DEL VILLAR 6,11:00,Biblioteca Pública Municipal La Elipa (Ciudad Lineal),2024-10-08,2025-05-27
Taller de cómic (Infantil) Biblioteca Gabriel Gª Márquez,http://www.madrid.es/sites/v/index.jsp?vgnextchannel=ca9671ee4a9eb410VgnVCM100000171f5a0aRCRD&vgnextoid=b77d6ac373051910VgnVCM2000001f4a900aRCRD,28041,PLAZA PUEBLO 2,18:00,Biblioteca Pública Municipal Gabriel García Márquez (Usera),2024-09-24,2025-06-03
Taller de cómic (Infantil) Biblioteca José Hierro,http://www.madrid.es/sites/v/index.jsp?vgnextchannel=ca9671ee4a9eb410VgnVCM100000171f5a0aRCRD&vgnextoid=fcd9ecedfd123910VgnVCM2000001f4a900aRCRD,28022,CALLE MARIA SEVILLA DIAGO 15,18:00,Biblioteca Pública Municipal José Hierro (San Blas-Canillejas),2024-11-25,2025-05-19
Taller de cómic (Infantil) Biblioteca María Zambrano,http://www.madrid.es/sites/v/index.jsp?vgnextchannel=ca9671ee4a9eb410VgnVCM100000171f5a0aRCRD&vgnextoid=5c9ec45e58724910VgnVCM2000001f4a900aRCRD,28029,PLAZA DONOSO 5,17:30,Biblioteca Pública Municipal María Zambrano (Tetuán),2025-01-08,2025-06-04
Taller de cómic (Infantil) Biblioteca Miguel Delibes,http://www.madrid.es/sites/v/index.jsp?vgnextchannel=ca9671ee4a9eb410VgnVCM100000171f5a0aRCRD&vgnextoid=ad3087ffb3f64910VgnVCM1000001d4a900aRCRD,28030,CALLE ARROYO BELINCOSO 11,18:00,Biblioteca Pública Municipal Miguel Delibes (Moratalaz),2025-01-15,2025-05-21
Taller de cómic (Infantil) Biblioteca Pozo del Tío Raimundo,http://www.madrid.es/sites/v/index.jsp?vgnextchannel=ca9671ee4a9eb410VgnVCM100000171f5a0aRCRD&vgnextoid=fbc06ac373051910VgnVCM2000001f4a900aRCRD,28053,AVENIDA GLORIETAS 19,17:30,Biblioteca Pública Municipal Pozo del Tío Raimundo (Puente de Vallecas),2024-09-30,2025-06-02
Taller de cómic (juvenil) Biblioteca Gerardo Diego,http://www.madrid.es/sites/v/index.jsp?vgnextchannel=ca9671ee4a9eb410VgnVCM100000171f5a0aRCRD&vgnextoid=1c7b5d06cd165910VgnVCM1000001d4a900aRCRD,28031,CALLE MONTE AYA 12,18:00,Biblioteca Pública Municipal Gerardo Diego (Villa de Vallecas),2025-02-07,2025-05-30
Taller de cómic (juvenil) Biblioteca Iván de Vargas,http://www.madrid.es/sites/v/index.jsp?vgnextchannel=ca9671ee4a9eb410VgnVCM100000171f5a0aRCRD&vgnextoid=fb9a63238a0b3910VgnVCM1000001d4a900aRCRD,28005,CALLE SAN JUSTO 5,12:00,Biblioteca Pública Municipal Iván de Vargas (Centro),2024-10-05,2025-06-07
Taller de Creación de Telares,http://www.madrid.es/sites/v/index.jsp?vgnextchannel=ca9671ee4a9eb410VgnVCM100000171f5a0aRCRD&vgnextoid=5fda74c90efe4910VgnVCM2000001f4a900aRCRD,28021,ACCESO COLONIA MARCONI 4,10:00,Centro Sociocultural Marconi (Villaverde),2025-02-28,2025-04-04
Taller de Creación Literaria en la Biblioteca Francisco Ibáñez,http://www.madrid.es/sites/v/index.jsp?vgnextchannel=ca9671ee4a9eb410VgnVCM100000171f5a0aRCRD&vgnextoid=cb053785d0f64910VgnVCM1000001d4a900aRCRD,28002,CALLE MANTUANO 51,11:00,Biblioteca Pública Municipal Francisco Ibáñez (Chamartín),2025-02-27,2025-06-26
Taller de Historia de Madrid Biblioteca Gabriel Gª Márquez,http://www.madrid.es/sites/v/index.jsp?vgnextchannel=ca9671ee4a9eb410VgnVCM100000171f5a0aRCRD&vgnextoid=8b112bc9b3631910VgnVCM2000001f4a900aRCRD,28041,PLAZA PUEBLO 2,18:00,Biblioteca Pública Municipal Gabriel García Márquez (Usera),2024-10-02,2025-06-11
Taller de juegos (infantil) Biblioteca Francisco Ayala,http://www.madrid.es/sites/v/index.jsp?vgnextchannel=ca9671ee4a9eb410VgnVCM100000171f5a0aRCRD&vgnextoid=3bce32fa46a61910VgnVCM1000001d4a900aRCRD,28032,BULEVAR INDALECIO PRIETO 21,18:00,Biblioteca Pública Municipal Francisco Ayala (Vicálvaro),2024-10-02,2025-05-28
Taller de juegos (infantil) Biblioteca Gabriel Gª Márquez,http://www.madrid.es/sites/v/index.jsp?vgnextchannel=ca9671ee4a9eb410VgnVCM100000171f5a0aRCRD&vgnextoid=3a1f32fa46a61910VgnVCM1000001d4a900aRCRD,28041,PLAZA PUEBLO 2,18:00,Biblioteca Pública Municipal Gabriel García Márquez (Usera),2024-10-17,2025-05-29
Taller de Poesía en la Biblioteca San Fermín,http://www.madrid.es/sites/v/index.jsp?vgnextchannel=ca9671ee4a9eb410VgnVCM100000171f5a0aRCRD&vgnextoid=b4fc6e037df92910VgnVCM2000001f4a900aRCRD,28041,AVENIDA SAN FERMIN 10,18:00,Biblioteca Pública Municipal San Fermín (Usera),2024-10-15,2025-06-17
Taller de Poesía en la Biblioteca Vallecas,http://www.madrid.es/sites/v/index.jsp?vgnextchannel=ca9671ee4a9eb410VgnVCM100000171f5a0aRCRD&vgnextoid=f0b09ab0b9c21910VgnVCM1000001d4a900aRCRD,28053,CALLE PUERTO DEL MONASTERIO 1,10:00,Biblioteca Pública Municipal Vallecas (Puente de Vallecas),2024-10-01,2025-06-10
Taller de Psicología en la Biblioteca Pozo del Tío Raimundo,http://www.madrid.es/sites/v/index.jsp?vgnextchannel=ca9671ee4a9eb410VgnVCM100000171f5a0aRCRD&vgnextoid=9b54e902e0631910VgnVCM1000001d4a900aRCRD,28053,AVENIDA GLORIETAS 19,11:00,Biblioteca Pública Municipal Pozo del Tío Raimundo (Puente de Vallecas),2024-10-02,2025-05-28
Taller de Psicología en la Biblioteca Vallecas,http://www.madrid.es/sites/v/index.jsp?vgnextchannel=ca9671ee4a9eb410VgnVCM100000171f5a0aRCRD&vgnextoid=2b0d6081f5f92910VgnVCM1000001d4a900aRCRD,28053,CALLE PUERTO DEL MONASTERIO 1,10:00,Biblioteca Pública Municipal Vallecas (Puente de Vallecas),2024-10-18,2025-06-06
Taller Formativo de Producción Musical,http://www.madrid.es/sites/v/index.jsp?vgnextchannel=ca9671ee4a9eb410VgnVCM100000171f5a0aRCRD&vgnextoid=51133276cdfd4910VgnVCM1000001d4a900aRCRD,0,,16:30,,2025-02-10,2025-04-07
Taller 'Remedial English',http://www.madrid.es/sites/v/index.jsp?vgnextchannel=ca9671ee4a9eb410VgnVCM100000171f5a0aRCRD&vgnextoid=5d86b2481b1e1910VgnVCM2000001f4a900aRCRD,28022,CALLE MARIA SEVILLA DIAGO 15,18:00,Biblioteca Pública Municipal José Hierro (San Blas-Canillejas),2024-10-08,2025-04-29
Taller 'Remedial English',http://www.madrid.es/sites/v/index.jsp?vgnextchannel=ca9671ee4a9eb410VgnVCM100000171f5a0aRCRD&vgnextoid=9274b2481b1e1910VgnVCM2000001f4a900aRCRD,28002,CALLE MANTUANO 51,18:00,Biblioteca Pública Municipal Francisco Ibáñez (Chamartín),2024-10-08,2025-04-29
Taller 'Remedial English',http://www.madrid.es/sites/v/index.jsp?vgnextchannel=ca9671ee4a9eb410VgnVCM100000171f5a0aRCRD&vgnextoid=cd6ab01c7d402910VgnVCM1000001d4a900aRCRD,28005,CALLE SAN JUSTO 5,18:00,Biblioteca Pública Municipal Iván de Vargas (Centro),2024-10-08,2025-04-29
Taller 'Remedial English',http://www.madrid.es/sites/v/index.jsp?vgnextchannel=ca9671ee4a9eb410VgnVCM100000171f5a0aRCRD&vgnextoid=867b0525bf520910VgnVCM1000001d4a900aRCRD,28004,CALLE BARCELO 4,18:00,Biblioteca Pública Municipal Mario Vargas Llosa (Centro),2024-10-07,2025-04-28
Talleres creativos en idioma serbio,http://www.madrid.es/sites/v/index.jsp?vgnextchannel=ca9671ee4a9eb410VgnVCM100000171f5a0aRCRD&vgnextoid=394cdaa14d721910VgnVCM2000001f4a900aRCRD,28005,CALLE SAN JUSTO 5,11:00,Biblioteca Pública Municipal Iván de Vargas (Centro),2024-09-22,2025-06-22
Talleres Familiares,http://www.madrid.es/sites/v/index.jsp?vgnextchannel=ca9671ee4a9eb410VgnVCM100000171f5a0aRCRD&vgnextoid=5df152544dd2f810VgnVCM1000001d4a900aRCRD,28049,Carretera M-607 Km 13 L-10 ,12:00,Centro de Interpretación de la Naturaleza Montecarmelo (Fuencarral - El Pardo),2025-03-01,2025-03-29
Tecnologías tras las exposiciones inmersivas: sentir sin tocar,http://www.madrid.es/sites/v/index.jsp?vgnextchannel=ca9671ee4a9eb410VgnVCM100000171f5a0aRCRD&vgnextoid=ab01d58d22984910VgnVCM1000001d4a900aRCRD,28041,AVENIDA SAN FERMIN 10,18:00,Biblioteca Pública Municipal San Fermín (Usera),2025-02-07,2025-06-06
Tejedoras en autonomía [Mujeres Compartiendo Sabiduría],http://www.madrid.es/sites/v/index.jsp?vgnextchannel=ca9671ee4a9eb410VgnVCM100000171f5a0aRCRD&vgnextoid=c257582a56f54910VgnVCM1000001d4a900aRCRD,28022,PLAZA EURIPIDES 1,17:00,Espacio de Igualdad Lucía Sánchez Saornil. San Blas-Canillejas,2025-01-09,2025-03-27
Tejiendo Colores,http://www.madrid.es/sites/v/index.jsp?vgnextchannel=ca9671ee4a9eb410VgnVCM100000171f5a0aRCRD&vgnextoid=f1868061b6e15910VgnVCM2000001f4a900aRCRD,28026,CALLE DOCTOR TOLOSA LATOUR 16,,Centro de Educación Ambiental y Cultural Maris Stella (Usera),2025-03-01,2025-03-31
Tejiendo palabras,http://www.madrid.es/sites/v/index.jsp?vgnextchannel=ca9671ee4a9eb410VgnVCM100000171f5a0aRCRD&vgnextoid=1d3bbc6b7dbc4910VgnVCM1000001d4a900aRCRD,28025,CALLE GENERAL RICARDOS 252,11:00,Biblioteca Pública Municipal La Chata (Carabanchel),2025-02-04,2025-05-20
Tertulias de Filosofía en la Biblioteca Vallecas,http://www.madrid.es/sites/v/index.jsp?vgnextchannel=ca9671ee4a9eb410VgnVCM100000171f5a0aRCRD&vgnextoid=6626ce6dde131910VgnVCM1000001d4a900aRCRD,28053,CALLE PUERTO DEL MONASTERIO 1,10:00,Biblioteca Pública Municipal Vallecas (Puente de Vallecas),2024-10-04,2025-05-30
"Tertulias de viajes: escucha, intercambia y comparte experiencias",http://www.madrid.es/sites/v/index.jsp?vgnextchannel=ca9671ee4a9eb410VgnVCM100000171f5a0aRCRD&vgnextoid=3d7f28cb84672910VgnVCM2000001f4a900aRCRD,28017,CALLE ASCAO 4,10:00,Biblioteca Pública Municipal Pablo Neruda (Ciudad Lineal),2024-10-30,2025-05-21
Tertulias en francés en la Biblioteca Vargas Llosa,http://www.madrid.es/sites/v/index.jsp?vgnextchannel=ca9671ee4a9eb410VgnVCM100000171f5a0aRCRD&vgnextoid=f7fc27a924b41910VgnVCM2000001f4a900aRCRD,28004,CALLE BARCELO 4,19:00,Biblioteca Pública Municipal Mario Vargas Llosa (Centro),2024-09-24,2025-06-10
Tertulias en Inglés en la Biblioteca Gerardo Diego,http://www.madrid.es/sites/v/index.jsp?vgnextchannel=ca9671ee4a9eb410VgnVCM100000171f5a0aRCRD&vgnextoid=73e6dc1e00af4910VgnVCM2000001f4a900aRCRD,28031,CALLE MONTE AYA 12,19:00,Biblioteca Pública Municipal Gerardo Diego (Villa de Vallecas),2025-01-13,2025-05-26
Tertulias en Inglés en la Biblioteca Miguel Delibes,http://www.madrid.es/sites/v/index.jsp?vgnextchannel=ca9671ee4a9eb410VgnVCM100000171f5a0aRCRD&vgnextoid=ed0f5ab3b2f64910VgnVCM1000001d4a900aRCRD,28030,CALLE ARROYO BELINCOSO 11,18:30,Biblioteca Pública Municipal Miguel Delibes (Moratalaz),2025-01-17,2025-05-30
Tertulias en Inglés en la Biblioteca Portazgo,http://www.madrid.es/sites/v/index.jsp?vgnextchannel=ca9671ee4a9eb410VgnVCM100000171f5a0aRCRD&vgnextoid=ae6016630a815910VgnVCM2000001f4a900aRCRD,28038,CALLE CANTALAPIEDRA 11,11:00,Biblioteca Pública Municipal Portazgo (Puente de Vallecas),2025-02-04,2025-06-17
Tertulias en Inglés en la Biblioteca San Fermín,http://www.madrid.es/sites/v/index.jsp?vgnextchannel=ca9671ee4a9eb410VgnVCM100000171f5a0aRCRD&vgnextoid=1ad33527bea41910VgnVCM1000001d4a900aRCRD,28041,AVENIDA SAN FERMIN 10,19:00,Biblioteca Pública Municipal San Fermín (Usera),2024-10-02,2025-06-18
Tertulias en Inglés (infantil) Biblioteca Vallecas,http://www.madrid.es/sites/v/index.jsp?vgnextchannel=ca9671ee4a9eb410VgnVCM100000171f5a0aRCRD&vgnextoid=eec46c112bc41910VgnVCM2000001f4a900aRCRD,28053,CALLE PUERTO DEL MONASTERIO 1,18:00,Biblioteca Pública Municipal Vallecas (Puente de Vallecas),2024-09-25,2025-06-11
"Top Secret: aventuras, sueños y mentiras",http://www.madrid.es/sites/v/index.jsp?vgnextchannel=ca9671ee4a9eb410VgnVCM100000171f5a0aRCRD&vgnextoid=9afd87330c444910VgnVCM1000001d4a900aRCRD,28045,PLAZA LEGAZPI 8,,Matadero Madrid,2025-01-26,2025-03-16
Triatlón por Madrid,http://www.madrid.es/sites/v/index.jsp?vgnextchannel=ca9671ee4a9eb410VgnVCM100000171f5a0aRCRD&vgnextoid=4e703104e46fa710VgnVCM1000001d4a900aRCRD,28011,PASEO PUERTA DEL ANGEL 7,00:00,Centro Deportivo Municipal Casa de Campo,2024-09-01,2025-06-30
Triatlón por Madrid,http://www.madrid.es/sites/v/index.jsp?vgnextchannel=ca9671ee4a9eb410VgnVCM100000171f5a0aRCRD&vgnextoid=86742bbbbdc89810VgnVCM2000001f4a900aRCRD,28042,AVENIDA LOGROÑO 70,00:00,Centro Deportivo Municipal Barajas,2024-09-01,2025-06-30
Triatlón por Madrid,http://www.madrid.es/sites/v/index.jsp?vgnextchannel=ca9671ee4a9eb410VgnVCM100000171f5a0aRCRD&vgnextoid=f7df3104e46fa710VgnVCM1000001d4a900aRCRD,28031,CALLE CERRO DE ALMODOVAR 9,00:00,Centro Deportivo Municipal Cerro Almodóvar,2024-09-01,2025-06-30
Trópico sin tópico: Amazonas,http://www.madrid.es/sites/v/index.jsp?vgnextchannel=ca9671ee4a9eb410VgnVCM100000171f5a0aRCRD&vgnextoid=517b08502f864910VgnVCM1000001d4a900aRCRD,28014,PLAZA CIBELES 1,,CentroCentro,2025-02-13,2025-06-22
"Tú, yo y el mundo. La Colmena",http://www.madrid.es/sites/v/index.jsp?vgnextchannel=ca9671ee4a9eb410VgnVCM100000171f5a0aRCRD&vgnextoid=7f6402a2fa0e1910VgnVCM1000001d4a900aRCRD,28015,CALLE CONDE DUQUE 9,,Centro de Cultura Contemporánea Conde Duque,2024-10-08,2025-05-27
Una mirada a través del tiempo,http://www.madrid.es/sites/v/index.jsp?vgnextchannel=ca9671ee4a9eb410VgnVCM100000171f5a0aRCRD&vgnextoid=b2c423122abc4910VgnVCM1000001d4a900aRCRD,28022,CALLE MARIA SEVILLA DIAGO 15,,Biblioteca Pública Municipal José Hierro (San Blas-Canillejas),2025-02-03,2025-03-28
Vida,http://www.madrid.es/sites/v/index.jsp?vgnextchannel=ca9671ee4a9eb410VgnVCM100000171f5a0aRCRD&vgnextoid=f2edddd487835910VgnVCM1000001d4a900aRCRD,28015,CALLE CONDE DUQUE 9,08:30,Biblioteca Pública Municipal Benito Pérez Galdós (Centro),2025-03-01,2025-03-31
Vida del Palacio de Cibeles,http://www.madrid.es/sites/v/index.jsp?vgnextchannel=ca9671ee4a9eb410VgnVCM100000171f5a0aRCRD&vgnextoid=df2b06e5faa72910VgnVCM1000001d4a900aRCRD,28014,PLAZA CIBELES 1,,CentroCentro,2024-10-11,2025-10-13
"Visita a la exposición permanente Maris Stella, un sueño de todos'",http://www.madrid.es/sites/v/index.jsp?vgnextchannel=ca9671ee4a9eb410VgnVCM100000171f5a0aRCRD&vgnextoid=f745ce5179e61910VgnVCM1000001d4a900aRCRD,28026,CALLE DOCTOR TOLOSA LATOUR 16,,Centro de Educación Ambiental y Cultural Maris Stella (Usera),2024-08-20,2025-03-31
Visitas a Matadero,http://www.madrid.es/sites/v/index.jsp?vgnextchannel=ca9671ee4a9eb410VgnVCM100000171f5a0aRCRD&vgnextoid=0d3cc39a88fb5810VgnVCM1000001d4a900aRCRD,28045,PLAZA LEGAZPI 8,,Matadero Madrid,2024-09-09,2025-07-07
Visitas a Matadero para grupos,http://www.madrid.es/sites/v/index.jsp?vgnextchannel=ca9671ee4a9eb410VgnVCM100000171f5a0aRCRD&vgnextoid=7aee08f9be116810VgnVCM1000001d4a900aRCRD,28045,PLAZA LEGAZPI 8,,Matadero Madrid,2023-02-02,2027-02-04
Visitas dialogadas. Fuentesal Arenillas e Itziar Okariz «CARRUSEL»,http://www.madrid.es/sites/v/index.jsp?vgnextchannel=ca9671ee4a9eb410VgnVCM100000171f5a0aRCRD&vgnextoid=9b3fba93a70e4910VgnVCM1000001d4a900aRCRD,28015,CALLE CONDE DUQUE 9,,Centro de Cultura Contemporánea Conde Duque,2025-02-28,2025-05-18
Visitas guiadas a CentroCentro,http://www.madrid.es/sites/v/index.jsp?vgnextchannel=ca9671ee4a9eb410VgnVCM100000171f5a0aRCRD&vgnextoid=a9dbd981f4ab5810VgnVCM1000001d4a900aRCRD,28014,PLAZA CIBELES 1,,CentroCentro,2024-04-01,2030-01-01
Visitas guiadas a las exposiciones de CentroCentro,http://www.madrid.es/sites/v/index.jsp?vgnextchannel=ca9671ee4a9eb410VgnVCM100000171f5a0aRCRD&vgnextoid=da941a577f8f4910VgnVCM1000001d4a900aRCRD,28014,PLAZA CIBELES 1,,CentroCentro,2025-02-11,2025-06-01
Wikiesfera &gt; Aprendiendo a editar en Wikipedia,http://www.madrid.es/sites/v/index.jsp?vgnextchannel=ca9671ee4a9eb410VgnVCM100000171f5a0aRCRD&vgnextoid=28be106762794910VgnVCM1000001d4a900aRCRD,28045,PASEO CHOPERA 14,18:00,Medialab Matadero,2025-01-29,2025-03-27
"Y tú, ¿cómo viajas?",http://www.madrid.es/sites/v/index.jsp?vgnextchannel=ca9671ee4a9eb410VgnVCM100000171f5a0aRCRD&vgnextoid=1647417016603910VgnVCM1000001d4a900aRCRD,28037,CALLE HERMANOS GARCIA NOBLEJAS 14,10:00,Biblioteca Pública Municipal Ciudad Lineal (Ciudad Lineal),2024-12-04,2025-05-28
'Lina en el mundo de Paul Klee' por Alejandra Bonmatí Arnau,http://www.madrid.es/sites/v/index.jsp?vgnextchannel=ca9671ee4a9eb410VgnVCM100000171f5a0aRCRD&vgnextoid=e478ce5f1ccc4910VgnVCM2000001f4a900aRCRD,28029,AVENIDA MONFORTE DE LEMOS 38,08:30,Biblioteca Pública Municipal José Saramago (Fuencarral-El Pardo),2025-02-04,2025-03-25
'Refugiados' por Myriam Laguía,http://www.madrid.es/sites/v/index.jsp?vgnextchannel=ca9671ee4a9eb410VgnVCM100000171f5a0aRCRD&vgnextoid=239617d42cad4910VgnVCM1000001d4a900aRCRD,28019,CALLE ISAAC ALBENIZ 1,19:00,Biblioteca Pública Municipal Ana María Matute (Carabanchel),2025-02-14,2025-03-13
¡Ahora nos toca jugar! Juegos de mesa,http://www.madrid.es/sites/v/index.jsp?vgnextchannel=ca9671ee4a9eb410VgnVCM100000171f5a0aRCRD&vgnextoid=536b470052eb2910VgnVCM2000001f4a900aRCRD,28043,CALLE MATAPOZUELOS 2,11:00,Espacio de Igualdad Carme Chacón. Hortaleza,2025-01-03,2025-03-28
